insert into region (id, name) values (1, 'Ayeyarwady Region');
insert into region (id, name) values (2, 'Bago Region');
insert into region (id, name) values (3, 'Chin State');
insert into region (id, name) values (4, 'Kachin State');
insert into region (id, name) values (5, 'Kayah State');
insert into region (id, name) values (6, 'Kayin State');
insert into region (id, name) values (7, 'Magway Region');
insert into region (id, name) values (8, 'Mandalay Region');
insert into region (id, name) values (9, 'Mon State');
insert into region (id, name) values (10, 'Naypyidaw Union Territory');
insert into region (id, name) values (11, 'Rakhine State');
insert into region (id, name) values (12, 'Sagaing Region');
insert into region (id, name) values (13, 'Shan State');
insert into region (id, name) values (14, 'Tanintharyi Region');
insert into region (id, name) values (15, 'Yangon Region');

insert into district (id, region_id, name) values (1, 1, 'Hinthada');
insert into district (id, region_id, name) values (2, 1, 'Kyonpyaw');
insert into district (id, region_id, name) values (3, 1, 'Labutta');
insert into district (id, region_id, name) values (4, 1, 'Ma-ubin');
insert into district (id, region_id, name) values (5, 1, 'Myaungmya');
insert into district (id, region_id, name) values (6, 1, 'Myanaung');
insert into district (id, region_id, name) values (7, 1, 'Pathein');
insert into district (id, region_id, name) values (8, 1, 'Pyapon');
insert into district (id, region_id, name) values (9, 2, 'Bago');
insert into district (id, region_id, name) values (10, 2, 'Nyaunglebin');
insert into district (id, region_id, name) values (11, 2, 'Taungoo');
insert into district (id, region_id, name) values (12, 2, 'Pyay');
insert into district (id, region_id, name) values (13, 2, 'Tharrawaddy');
insert into district (id, region_id, name) values (14, 2, 'Nattalin');
insert into district (id, region_id, name) values (15, 3, 'Falam');
insert into district (id, region_id, name) values (16, 3, 'Hakha');
insert into district (id, region_id, name) values (17, 3, 'Matupi');
insert into district (id, region_id, name) values (18, 3, 'Mindat');
insert into district (id, region_id, name) values (19, 4, 'Bhamo');
insert into district (id, region_id, name) values (20, 4, 'Mohnyin');
insert into district (id, region_id, name) values (21, 4, 'Myitkyina');
insert into district (id, region_id, name) values (22, 4, 'Putao');
insert into district (id, region_id, name) values (23, 5, 'Bawlakhe');
insert into district (id, region_id, name) values (24, 5, 'Demoso');
insert into district (id, region_id, name) values (25, 5, 'Loikaw');
insert into district (id, region_id, name) values (26, 5, 'Mese');
insert into district (id, region_id, name) values (27, 6, 'Hpa-an');
insert into district (id, region_id, name) values (28, 6, 'Hpapun');
insert into district (id, region_id, name) values (29, 6, 'Kawkareik');
insert into district (id, region_id, name) values (30, 6, 'Myawaddy');
insert into district (id, region_id, name) values (31, 7, 'Gangaw');
insert into district (id, region_id, name) values (32, 7, 'Magway');
insert into district (id, region_id, name) values (33, 7, 'Minbu');
insert into district (id, region_id, name) values (34, 7, 'Pakokku');
insert into district (id, region_id, name) values (35, 7, 'Thayet');
insert into district (id, region_id, name) values (36, 8, 'Kyaukse');
insert into district (id, region_id, name) values (37, 8, 'Mandalay');
insert into district (id, region_id, name) values (38, 8, 'Meiktila');
insert into district (id, region_id, name) values (39, 8, 'Myingyan');
insert into district (id, region_id, name) values (40, 8, 'Nyaung-U');
insert into district (id, region_id, name) values (41, 8, 'Pyinoolwin');
insert into district (id, region_id, name) values (42, 8, 'Yamethin');
insert into district (id, region_id, name) values (43, 9, 'Mawlamyine');
insert into district (id, region_id, name) values (44, 9, 'Thaton');
insert into district (id, region_id, name) values (45, 10, 'Ottara (North Naypyidaw)');
insert into district (id, region_id, name) values (46, 10, 'Dekkhina (South Naypyidaw)');
insert into district (id, region_id, name) values (47, 11, 'Kyaukpyu');
insert into district (id, region_id, name) values (48, 11, 'Maungdaw');
insert into district (id, region_id, name) values (49, 11, 'Sittwe');
insert into district (id, region_id, name) values (50, 11, 'Thandwe');
insert into district (id, region_id, name) values (51, 11, 'Mrauk-U');
insert into district (id, region_id, name) values (52, 12, 'Hkamti');
insert into district (id, region_id, name) values (53, 12, 'Homalin');
insert into district (id, region_id, name) values (54, 12, 'Kale');
insert into district (id, region_id, name) values (55, 12, 'Kanbalu');
insert into district (id, region_id, name) values (56, 12, 'Katha');
insert into district (id, region_id, name) values (57, 12, 'Kawlin');
insert into district (id, region_id, name) values (58, 12, 'Mawlaik');
insert into district (id, region_id, name) values (59, 12, 'Monywa');
insert into district (id, region_id, name) values (60, 12, 'Sagaing');
insert into district (id, region_id, name) values (61, 12, 'Shwebo');
insert into district (id, region_id, name) values (62, 12, 'Tamu');
insert into district (id, region_id, name) values (63, 12, 'Ye-U');
insert into district (id, region_id, name) values (64, 12, 'Yinmabin');
insert into district (id, region_id, name) values (65, 13, 'Kengtung');
insert into district (id, region_id, name) values (66, 13, 'Mong Hpayak');
insert into district (id, region_id, name) values (67, 13, 'Mong Hsat');
insert into district (id, region_id, name) values (68, 13, 'Tachileik');
insert into district (id, region_id, name) values (69, 13, 'Kunlong');
insert into district (id, region_id, name) values (70, 13, 'Kyaukme');
insert into district (id, region_id, name) values (71, 13, 'Lashio');
insert into district (id, region_id, name) values (72, 13, 'Mu Se');
insert into district (id, region_id, name) values (73, 13, 'Mongmit');
insert into district (id, region_id, name) values (74, 13, 'Kokang');
insert into district (id, region_id, name) values (75, 13, 'Pa Laung');
insert into district (id, region_id, name) values (76, 13, 'Langkho');
insert into district (id, region_id, name) values (77, 13, 'Loilen');
insert into district (id, region_id, name) values (78, 13, 'Taunggyi');
insert into district (id, region_id, name) values (79, 14, 'Dawei');
insert into district (id, region_id, name) values (80, 14, 'Kawthaung');
insert into district (id, region_id, name) values (81, 14, 'Myeik');
insert into district (id, region_id, name) values (82, 15, 'East Yangon');
insert into district (id, region_id, name) values (83, 15, 'North Yangon');
insert into district (id, region_id, name) values (84, 15, 'South Yangon');
insert into district (id, region_id, name) values (85, 15, 'West Yangon');

insert into township (id, district_id, name) values (1, 1, 'Hinthada');
insert into township (id, district_id, name) values (2, 1, 'Lemyethna');
insert into township (id, district_id, name) values (3, 1, 'Zalun');
insert into township (id, district_id, name) values (4, 2, 'Kyaunggon');
insert into township (id, district_id, name) values (5, 2, 'Kyonpyaw ');
insert into township (id, district_id, name) values (6, 2, 'Yekyi ');
insert into township (id, district_id, name) values (7, 3, 'Labutta ');
insert into township (id, district_id, name) values (8, 3, 'Mawlamyinegyun');
insert into township (id, district_id, name) values (9, 4, 'Danubyu');
insert into township (id, district_id, name) values (10, 4, 'Ma-ubin');
insert into township (id, district_id, name) values (11, 4, 'Nyaungdon');
insert into township (id, district_id, name) values (12, 4, 'Pantanaw');
insert into township (id, district_id, name) values (13, 5, 'Einme');
insert into township (id, district_id, name) values (14, 5, 'Myaungmya');
insert into township (id, district_id, name) values (15, 5, 'Wakema');
insert into township (id, district_id, name) values (16, 6, 'Ingapu');
insert into township (id, district_id, name) values (17, 6, 'Kyangin');
insert into township (id, district_id, name) values (18, 6, 'Myanaung');
insert into township (id, district_id, name) values (19, 7, 'Kangyidaunt');
insert into township (id, district_id, name) values (20, 7, 'Ngapudaw ');
insert into township (id, district_id, name) values (21, 7, 'Pathein ');
insert into township (id, district_id, name) values (22, 7, 'Thabaung ');
insert into township (id, district_id, name) values (23, 8, 'Bogale');
insert into township (id, district_id, name) values (24, 8, 'Dedaye');
insert into township (id, district_id, name) values (25, 8, 'Kyaiklat');
insert into township (id, district_id, name) values (26, 8, 'Pyapon');
insert into township (id, district_id, name) values (27, 9, 'Bago');
insert into township (id, district_id, name) values (28, 9, 'Kawa');
insert into township (id, district_id, name) values (29, 9, 'Thanatpin');
insert into township (id, district_id, name) values (30, 9, 'Waw');
insert into township (id, district_id, name) values (31, 10, 'Nyaunglebin');
insert into township (id, district_id, name) values (32, 10, 'Daik-U');
insert into township (id, district_id, name) values (33, 10, 'Shwegyin');
insert into township (id, district_id, name) values (34, 10, 'Kyauktaga');
insert into township (id, district_id, name) values (35, 10, 'Kyaukkyi');
insert into township (id, district_id, name) values (36, 11, 'Oktwin');
insert into township (id, district_id, name) values (37, 11, 'Pyu');
insert into township (id, district_id, name) values (38, 11, 'Tantabin');
insert into township (id, district_id, name) values (39, 11, 'Taungoo');
insert into township (id, district_id, name) values (40, 11, 'Yedashe');
insert into township (id, district_id, name) values (41, 12, 'Paukkaung');
insert into township (id, district_id, name) values (42, 12, 'Pyay');
insert into township (id, district_id, name) values (43, 12, 'Shwedaung');
insert into township (id, district_id, name) values (44, 12, 'Pandaung');
insert into township (id, district_id, name) values (45, 13, 'Gyobingauk');
insert into township (id, district_id, name) values (46, 13, 'Letpadan');
insert into township (id, district_id, name) values (47, 13, 'Minhla');
insert into township (id, district_id, name) values (48, 13, 'Monyo');
insert into township (id, district_id, name) values (49, 13, 'Okpho');
insert into township (id, district_id, name) values (50, 13, 'Tharrawaddy');
insert into township (id, district_id, name) values (51, 14, 'Nattalin');
insert into township (id, district_id, name) values (52, 14, 'Zigon');
insert into township (id, district_id, name) values (53, 14, 'Thegon');
insert into township (id, district_id, name) values (54, 14, 'Paungde');
insert into township (id, district_id, name) values (55, 15, 'Falam');
insert into township (id, district_id, name) values (56, 15, 'Tiddim');
insert into township (id, district_id, name) values (57, 15, 'Ton Zang');
insert into township (id, district_id, name) values (58, 16, 'Hakha');
insert into township (id, district_id, name) values (59, 16, 'Htantlang');
insert into township (id, district_id, name) values (60, 17, 'Matupi');
insert into township (id, district_id, name) values (61, 17, 'Paletwa');
insert into township (id, district_id, name) values (62, 18, 'Kanpetlet');
insert into township (id, district_id, name) values (63, 18, 'Mindat');
insert into township (id, district_id, name) values (64, 19, 'Bhamo');
insert into township (id, district_id, name) values (65, 19, 'Mansi');
insert into township (id, district_id, name) values (66, 19, 'Momauk');
insert into township (id, district_id, name) values (67, 19, 'Shwegu');
insert into township (id, district_id, name) values (68, 20, 'Hpakant');
insert into township (id, district_id, name) values (69, 20, 'Mogaung');
insert into township (id, district_id, name) values (70, 20, 'Mohnyin');
insert into township (id, district_id, name) values (71, 21, 'Chipwi');
insert into township (id, district_id, name) values (72, 21, 'Hsawlaw');
insert into township (id, district_id, name) values (73, 21, 'Injangyang');
insert into township (id, district_id, name) values (74, 21, 'Myitkyina');
insert into township (id, district_id, name) values (75, 21, 'Tanai');
insert into township (id, district_id, name) values (76, 21, 'Waingmaw');
insert into township (id, district_id, name) values (77, 22, 'Kawnglanghpu');
insert into township (id, district_id, name) values (78, 22, 'Machanbaw');
insert into township (id, district_id, name) values (79, 22, 'Nogmung');
insert into township (id, district_id, name) values (80, 22, 'Putao');
insert into township (id, district_id, name) values (81, 22, 'Sumprabum');
insert into township (id, district_id, name) values (82, 23, 'Bawlakhe');
insert into township (id, district_id, name) values (83, 23, 'Hpasawng');
insert into township (id, district_id, name) values (84, 24, 'Demoso');
insert into township (id, district_id, name) values (85, 24, 'Hpruso');
insert into township (id, district_id, name) values (86, 25, 'Loikaw');
insert into township (id, district_id, name) values (87, 25, 'Shadaw');
insert into township (id, district_id, name) values (88, 26, 'Mese');
insert into township (id, district_id, name) values (89, 27, 'Hlaingbwe');
insert into township (id, district_id, name) values (90, 27, 'Hpa-an');
insert into township (id, district_id, name) values (91, 27, 'Thandaunggyi');
insert into township (id, district_id, name) values (92, 28, 'Hpapun');
insert into township (id, district_id, name) values (93, 29, 'Kawkareik');
insert into township (id, district_id, name) values (94, 29, 'Kyain Seikgyi');
insert into township (id, district_id, name) values (95, 30, 'Myawaddy');
insert into township (id, district_id, name) values (96, 31, 'Gangaw');
insert into township (id, district_id, name) values (97, 31, 'Saw');
insert into township (id, district_id, name) values (98, 31, 'Htilin');
insert into township (id, district_id, name) values (99, 32, 'Chauk');
insert into township (id, district_id, name) values (100, 32, 'Magway');
insert into township (id, district_id, name) values (101, 32, 'Myothit');
insert into township (id, district_id, name) values (102, 32, 'Natmauk');
insert into township (id, district_id, name) values (103, 32, 'Taungdwingyi');
insert into township (id, district_id, name) values (104, 32, 'Yenangyaung');
insert into township (id, district_id, name) values (105, 33, 'Minbu');
insert into township (id, district_id, name) values (106, 33, 'Ngape');
insert into township (id, district_id, name) values (107, 33, 'Pwintbyu');
insert into township (id, district_id, name) values (108, 33, 'Salin');
insert into township (id, district_id, name) values (109, 33, 'Sidoktaya');
insert into township (id, district_id, name) values (110, 34, 'Myaing');
insert into township (id, district_id, name) values (111, 34, 'Pakokku');
insert into township (id, district_id, name) values (112, 34, 'Pauk');
insert into township (id, district_id, name) values (113, 34, 'Seikphyu');
insert into township (id, district_id, name) values (114, 34, 'Yesagyo');
insert into township (id, district_id, name) values (115, 35, 'Aunglan');
insert into township (id, district_id, name) values (116, 35, 'Kamma');
insert into township (id, district_id, name) values (117, 35, 'Mindon');
insert into township (id, district_id, name) values (118, 35, 'Minhla');
insert into township (id, district_id, name) values (119, 35, 'Sinbaungwe');
insert into township (id, district_id, name) values (120, 35, 'Thayet');
insert into township (id, district_id, name) values (121, 35, 'Thayet');
insert into township (id, district_id, name) values (122, 36, 'Kyaukse');
insert into township (id, district_id, name) values (123, 36, 'Myittha');
insert into township (id, district_id, name) values (124, 36, 'Sintgaing');
insert into township (id, district_id, name) values (125, 36, 'Tada-U');
insert into township (id, district_id, name) values (126, 36, 'Tada-U');
insert into township (id, district_id, name) values (127, 37, 'Amarapura');
insert into township (id, district_id, name) values (128, 37, 'Aungmyethazan');
insert into township (id, district_id, name) values (129, 37, 'Chanayethazan');
insert into township (id, district_id, name) values (130, 37, 'Chanmyathazi');
insert into township (id, district_id, name) values (131, 37, 'Maha Aungmye');
insert into township (id, district_id, name) values (132, 37, 'Patheingyi');
insert into township (id, district_id, name) values (133, 37, 'Pyigyidagun');
insert into township (id, district_id, name) values (134, 37, 'Pyigyidagun');
insert into township (id, district_id, name) values (135, 38, 'Mahlaing');
insert into township (id, district_id, name) values (136, 38, 'Meiktila');
insert into township (id, district_id, name) values (137, 38, 'Thazi');
insert into township (id, district_id, name) values (138, 38, 'Wundwin');
insert into township (id, district_id, name) values (139, 38, 'Wundwin');
insert into township (id, district_id, name) values (140, 39, 'Myingyan');
insert into township (id, district_id, name) values (141, 39, 'Natogyi');
insert into township (id, district_id, name) values (142, 39, 'Ngazun');
insert into township (id, district_id, name) values (143, 39, 'Taungtha');
insert into township (id, district_id, name) values (144, 40, 'Kyaukpadaung');
insert into township (id, district_id, name) values (145, 40, 'Nyaung-U');
insert into township (id, district_id, name) values (146, 41, 'Madaya');
insert into township (id, district_id, name) values (147, 41, 'Mogok');
insert into township (id, district_id, name) values (148, 41, 'Pyinoolwin');
insert into township (id, district_id, name) values (149, 41, 'Singu');
insert into township (id, district_id, name) values (150, 41, 'Thabeikkyin');
insert into township (id, district_id, name) values (151, 42, 'Pyawbwe');
insert into township (id, district_id, name) values (152, 42, 'Yamethin');
insert into township (id, district_id, name) values (153, 42, 'Yamethin');
insert into township (id, district_id, name) values (154, 43, 'Chaungzon');
insert into township (id, district_id, name) values (155, 43, 'Kyaikmaraw');
insert into township (id, district_id, name) values (156, 43, 'Mawlamyine');
insert into township (id, district_id, name) values (157, 43, 'Mudon');
insert into township (id, district_id, name) values (158, 43, 'Thanbyuzayat');
insert into township (id, district_id, name) values (159, 43, 'Ye');
insert into township (id, district_id, name) values (160, 44, 'Bilin');
insert into township (id, district_id, name) values (161, 44, 'Kyaikto');
insert into township (id, district_id, name) values (162, 44, 'Paung');
insert into township (id, district_id, name) values (163, 44, 'Thaton');
insert into township (id, district_id, name) values (164, 45, 'Ottarathiri');
insert into township (id, district_id, name) values (165, 45, 'Pobbathiri');
insert into township (id, district_id, name) values (166, 45, 'Tatkon');
insert into township (id, district_id, name) values (167, 45, 'Zeyarthiri');
insert into township (id, district_id, name) values (168, 46, 'Dekkhinathiri');
insert into township (id, district_id, name) values (169, 46, 'Lewe');
insert into township (id, district_id, name) values (170, 46, 'Pyinmana');
insert into township (id, district_id, name) values (171, 46, 'Zabuthiri');
insert into township (id, district_id, name) values (172, 47, 'Ann');
insert into township (id, district_id, name) values (173, 47, 'Kyaukpyu');
insert into township (id, district_id, name) values (174, 47, 'Manaung');
insert into township (id, district_id, name) values (175, 47, 'Ramree');
insert into township (id, district_id, name) values (176, 48, 'Buthidaung');
insert into township (id, district_id, name) values (177, 48, 'Maungdaw');
insert into township (id, district_id, name) values (178, 49, 'Pauktaw');
insert into township (id, district_id, name) values (179, 49, 'Ponnagyun');
insert into township (id, district_id, name) values (180, 49, 'Rathedaung');
insert into township (id, district_id, name) values (181, 49, 'Sittwe');
insert into township (id, district_id, name) values (182, 50, 'Thandwe');
insert into township (id, district_id, name) values (183, 50, 'Toungup');
insert into township (id, district_id, name) values (184, 50, 'Gwa');
insert into township (id, district_id, name) values (185, 50, 'Maei');
insert into township (id, district_id, name) values (186, 50, 'Kyeintali');
insert into township (id, district_id, name) values (187, 51, 'Kyauktaw');
insert into township (id, district_id, name) values (188, 51, 'Minbya');
insert into township (id, district_id, name) values (189, 51, 'Mrauk-U');
insert into township (id, district_id, name) values (190, 51, 'Myebon');
insert into township (id, district_id, name) values (191, 52, 'Hkamti ');
insert into township (id, district_id, name) values (192, 53, 'Homalin');
insert into township (id, district_id, name) values (193, 54, 'Kale ');
insert into township (id, district_id, name) values (194, 54, 'Kalewa ');
insert into township (id, district_id, name) values (195, 54, 'Mingin ');
insert into township (id, district_id, name) values (196, 55, 'Kanbalu ');
insert into township (id, district_id, name) values (197, 55, 'Kyunhla ');
insert into township (id, district_id, name) values (198, 56, 'Banmauk ');
insert into township (id, district_id, name) values (199, 56, 'Htigyaing ');
insert into township (id, district_id, name) values (200, 56, 'Indaw ');
insert into township (id, district_id, name) values (201, 56, 'Katha ');
insert into township (id, district_id, name) values (202, 57, 'Kawlin ');
insert into township (id, district_id, name) values (203, 57, 'Pinlebu ');
insert into township (id, district_id, name) values (204, 57, 'Wuntho ');
insert into township (id, district_id, name) values (205, 58, 'Mawlaik ');
insert into township (id, district_id, name) values (206, 58, 'Paungbyin ');
insert into township (id, district_id, name) values (207, 59, 'Ayadaw ');
insert into township (id, district_id, name) values (208, 59, 'Budalin ');
insert into township (id, district_id, name) values (209, 59, 'Chaung-U ');
insert into township (id, district_id, name) values (210, 59, 'Monywa ');
insert into township (id, district_id, name) values (211, 60, 'Myaung ');
insert into township (id, district_id, name) values (212, 60, 'Myinmu ');
insert into township (id, district_id, name) values (213, 60, 'Sagaing ');
insert into township (id, district_id, name) values (214, 61, 'Khin-U ');
insert into township (id, district_id, name) values (215, 61, 'Shwebo ');
insert into township (id, district_id, name) values (216, 61, 'Wetlet ');
insert into township (id, district_id, name) values (217, 62, 'Tamu ');
insert into township (id, district_id, name) values (218, 63, 'Tabayin ');
insert into township (id, district_id, name) values (219, 63, 'Taze ');
insert into township (id, district_id, name) values (220, 63, 'Ye-U ');
insert into township (id, district_id, name) values (221, 64, 'Kani ');
insert into township (id, district_id, name) values (222, 64, 'Pale ');
insert into township (id, district_id, name) values (223, 64, 'Salingyi ');
insert into township (id, district_id, name) values (224, 64, 'Yinmabin ');
insert into township (id, district_id, name) values (225, 65, 'Kengtung');
insert into township (id, district_id, name) values (226, 65, 'Mong Khet');
insert into township (id, district_id, name) values (227, 65, 'Mong La ');
insert into township (id, district_id, name) values (228, 65, 'Mong Yang');
insert into township (id, district_id, name) values (229, 66, 'Mong Hpayak ');
insert into township (id, district_id, name) values (230, 66, 'Mong Yawng');
insert into township (id, district_id, name) values (231, 67, 'Mong Hsat');
insert into township (id, district_id, name) values (232, 67, 'Mong Ping');
insert into township (id, district_id, name) values (233, 67, 'Mong Tong');
insert into township (id, district_id, name) values (234, 68, 'Tachileik');
insert into township (id, district_id, name) values (235, 69, 'Kunlong');
insert into township (id, district_id, name) values (236, 70, 'Hsipaw');
insert into township (id, district_id, name) values (237, 70, 'Kyaukme');
insert into township (id, district_id, name) values (238, 70, 'Namtu');
insert into township (id, district_id, name) values (239, 70, 'Nawnghkio');
insert into township (id, district_id, name) values (240, 71, 'Hseni');
insert into township (id, district_id, name) values (241, 71, 'Lashio');
insert into township (id, district_id, name) values (242, 71, 'Mongyai');
insert into township (id, district_id, name) values (243, 71, 'Tangyan');
insert into township (id, district_id, name) values (244, 72, 'Kutkai');
insert into township (id, district_id, name) values (245, 72, 'Mu Se');
insert into township (id, district_id, name) values (246, 72, 'Nanhkan');
insert into township (id, district_id, name) values (247, 73, 'Mabein');
insert into township (id, district_id, name) values (248, 73, 'Mongmit');
insert into township (id, district_id, name) values (249, 74, 'Laukkaing');
insert into township (id, district_id, name) values (250, 74, 'Konkyan');
insert into township (id, district_id, name) values (251, 75, 'Mantong');
insert into township (id, district_id, name) values (252, 75, 'Namhsan');
insert into township (id, district_id, name) values (253, 76, 'Langhko');
insert into township (id, district_id, name) values (254, 76, 'Mawkmai');
insert into township (id, district_id, name) values (255, 76, 'Mong Nai');
insert into township (id, district_id, name) values (256, 76, 'Mong Pan');
insert into township (id, district_id, name) values (257, 77, 'Kunhing');
insert into township (id, district_id, name) values (258, 77, 'Kyethi');
insert into township (id, district_id, name) values (259, 77, 'Lai-Hka');
insert into township (id, district_id, name) values (260, 77, 'Loilen');
insert into township (id, district_id, name) values (261, 77, 'Mong Hsu');
insert into township (id, district_id, name) values (262, 77, 'Mong Kung');
insert into township (id, district_id, name) values (263, 77, 'Nansang');
insert into township (id, district_id, name) values (264, 78, 'Kalaw');
insert into township (id, district_id, name) values (265, 78, 'Lawksawk');
insert into township (id, district_id, name) values (266, 78, 'Nyaungshwe');
insert into township (id, district_id, name) values (267, 78, 'Pekon');
insert into township (id, district_id, name) values (268, 78, 'Taunggyi');
insert into township (id, district_id, name) values (269, 79, 'Dawei');
insert into township (id, district_id, name) values (270, 79, 'Launglon');
insert into township (id, district_id, name) values (271, 79, 'Thayetchaung');
insert into township (id, district_id, name) values (272, 79, 'Yebyu ');
insert into township (id, district_id, name) values (273, 80, 'Bokepyin ');
insert into township (id, district_id, name) values (274, 80, 'Kawthaung');
insert into township (id, district_id, name) values (275, 81, 'Kyunsu');
insert into township (id, district_id, name) values (276, 81, 'Myeik');
insert into township (id, district_id, name) values (277, 81, 'Palaw');
insert into township (id, district_id, name) values (278, 81, 'Tanintharyi');
insert into township (id, district_id, name) values (279, 82, 'Botataung');
insert into township (id, district_id, name) values (280, 82, 'Dagon Seikkan');
insert into township (id, district_id, name) values (281, 82, 'East Dagon');
insert into township (id, district_id, name) values (282, 82, 'North Dagon');
insert into township (id, district_id, name) values (283, 82, 'North Okkalapa');
insert into township (id, district_id, name) values (284, 82, 'Pazundaung');
insert into township (id, district_id, name) values (285, 82, 'South Dagon');
insert into township (id, district_id, name) values (286, 82, 'South Okkalapa');
insert into township (id, district_id, name) values (287, 82, 'Thingangyun');
insert into township (id, district_id, name) values (288, 82, 'Dawbon');
insert into township (id, district_id, name) values (289, 82, 'Mingala Taungnyunt');
insert into township (id, district_id, name) values (290, 82, 'Tamwe');
insert into township (id, district_id, name) values (291, 82, 'Thaketa');
insert into township (id, district_id, name) values (292, 82, 'Yankin');
insert into township (id, district_id, name) values (293, 83, 'Hlaingthaya');
insert into township (id, district_id, name) values (294, 83, 'Insein');
insert into township (id, district_id, name) values (295, 83, 'Mingaladon');
insert into township (id, district_id, name) values (296, 83, 'Shwepyitha');
insert into township (id, district_id, name) values (297, 83, 'Hlegu');
insert into township (id, district_id, name) values (298, 83, 'Hmawbi');
insert into township (id, district_id, name) values (299, 83, 'Htantabin');
insert into township (id, district_id, name) values (300, 83, 'Taikkyi');
insert into township (id, district_id, name) values (301, 84, 'Dala');
insert into township (id, district_id, name) values (302, 84, 'Seikkyi Kanaungto');
insert into township (id, district_id, name) values (303, 84, 'Cocokyun');
insert into township (id, district_id, name) values (304, 84, 'Kawhmu');
insert into township (id, district_id, name) values (305, 84, 'Kayan');
insert into township (id, district_id, name) values (306, 84, 'Kungyangon');
insert into township (id, district_id, name) values (307, 84, 'Kyauktan');
insert into township (id, district_id, name) values (308, 84, 'Thanlyin');
insert into township (id, district_id, name) values (309, 84, 'Thongwa');
insert into township (id, district_id, name) values (310, 84, 'Twante');
insert into township (id, district_id, name) values (311, 85, 'Ahlon');
insert into township (id, district_id, name) values (312, 85, 'Bahan');
insert into township (id, district_id, name) values (313, 85, 'Dagon');
insert into township (id, district_id, name) values (314, 85, 'Kyauktada');
insert into township (id, district_id, name) values (315, 85, 'Kyimyindaing');
insert into township (id, district_id, name) values (316, 85, 'Lanmadaw');
insert into township (id, district_id, name) values (317, 85, 'Latha');
insert into township (id, district_id, name) values (318, 85, 'Pabedan');
insert into township (id, district_id, name) values (319, 85, 'Sanchaung');
insert into township (id, district_id, name) values (320, 85, 'Seikkan');
insert into township (id, district_id, name) values (321, 85, 'Hlaing');
insert into township (id, district_id, name) values (322, 85, 'Kamayut');
insert into township (id, district_id, name) values (323, 85, 'Mayangon');